backend,length,time
base,3,84.27507349010557
base,5,84.39442085381597
base,7,85.28128567105159
base,9,90.85118005797267
hint,3,84.03158460464329
hint,5,84.74977946002036
hint,7,85.18977145291865
hint,9,90.25603160075843
reticle,3,0.4052301989868283
reticle,5,0.5140920314006507
reticle,7,0.7948441607877612
reticle,9,1.8674528212286532
