backend,length,time
base,64,94.1974615920335
base,128,98.11019521998242
base,256,105.5262214760296
base,512,122.6672135987319
hint,64,101.85356389405206
hint,128,109.4248172189109
hint,256,129.8612423161976
hint,512,162.01229391479865
reticle,64,0.5635882900096476
reticle,128,2.5853532729670405
reticle,256,7.929397908039391
reticle,512,52.53227340430021
